incident_id,paper_category_type,paper_category,project_category,agreement,notes
3,application_area,AI supervision,Other or unclear,Disagree,"Current snapshot title: Crashes with Maneuvering Characteristics Augmentation System (MCAS). The current public snapshot and this project's coding do not match the paper-named category, which likely reflects AIID drift, different incident descriptions, or sample-selection differences."
91,application_area,AI supervision,Smart healthcare,Disagree,"Current snapshot title: Frontline workers protest at Stanford after hospital distributed vaccine to administrators. The current public snapshot and this project's coding do not match the paper-named category, which likely reflects AIID drift, different incident descriptions, or sample-selection differences."
123,application_area,AI supervision,Smart healthcare,Disagree,"Current snapshot title: Epic Systems’s Sepsis Prediction Algorithms Revealed to Have High Error Rates on Seriously Ill Patients. The current public snapshot and this project's coding do not match the paper-named category, which likely reflects AIID drift, different incident descriptions, or sample-selection differences."
131,application_area,AI supervision,AI education,Disagree,"Current snapshot title: Proctoring Algorithm in Online California Bar Exam Flagged an Unusually High Number of Alleged Cheaters. The current public snapshot and this project's coding do not match the paper-named category, which likely reflects AIID drift, different incident descriptions, or sample-selection differences."
11,application_area,Autonomous driving,Predictive policing,Disagree,"Current snapshot title: Northpointe Risk Models. The current public snapshot and this project's coding do not match the paper-named category, which likely reflects AIID drift, different incident descriptions, or sample-selection differences."
66,application_area,Autonomous driving,Language/vision model,Disagree,"Current snapshot title: Chinese Chatbots Question Communist Party. The current public snapshot and this project's coding do not match the paper-named category, which likely reflects AIID drift, different incident descriptions, or sample-selection differences."
90,application_area,Autonomous driving,,Missing from snapshot,"Incident ID was not present in the current cleaned public snapshot, so this paper anchor could not be checked."
28,application_area,Identity authentication,Smart finance,Disagree,"Current snapshot title: 2010 Market Flash Crash. The current public snapshot and this project's coding do not match the paper-named category, which likely reflects AIID drift, different incident descriptions, or sample-selection differences."
31,application_area,Identity authentication,Autonomous driving,Disagree,"Current snapshot title: Driverless Train in Delhi Crashes due to Braking Failure. The current public snapshot and this project's coding do not match the paper-named category, which likely reflects AIID drift, different incident descriptions, or sample-selection differences."
46,application_area,Identity authentication,Smart home,Disagree,"Current snapshot title: Nest Smoke Alarm Erroneously Stops Alarming. The current public snapshot and this project's coding do not match the paper-named category, which likely reflects AIID drift, different incident descriptions, or sample-selection differences."
70,application_area,Identity authentication,Autonomous driving,Disagree,"Current snapshot title: Self-driving cars in winter. The current public snapshot and this project's coding do not match the paper-named category, which likely reflects AIID drift, different incident descriptions, or sample-selection differences."
133,application_area,Identity authentication,AI supervision,Disagree,"Current snapshot title: Online Trolls Allegedly Abused TikTok’s Automated Content Reporting System to Discriminate against Marginalized Creators. The current public snapshot and this project's coding do not match the paper-named category, which likely reflects AIID drift, different incident descriptions, or sample-selection differences."
138,application_area,Identity authentication,AI education,Disagree,"Current snapshot title: University of Illinois' Proctorio Remote-Proctoring Deployment Reportedly Raised Student Rights Concerns. The current public snapshot and this project's coding do not match the paper-named category, which likely reflects AIID drift, different incident descriptions, or sample-selection differences."
2,application_area,Intelligent recommendation,Intelligent service robots,Disagree,"Current snapshot title: Warehouse robot ruptures can of bear spray and injures workers. The current public snapshot and this project's coding do not match the paper-named category, which likely reflects AIID drift, different incident descriptions, or sample-selection differences."
17,application_area,Intelligent recommendation,Language/vision model,Disagree,"Current snapshot title: Inappropriate Gmail Smart Reply Suggestions. The current public snapshot and this project's coding do not match the paper-named category, which likely reflects AIID drift, different incident descriptions, or sample-selection differences."
5,application_area,Intelligent service robots,Intelligent service robots,Agree,Current snapshot title: Collection of Robotic Surgery Malfunctions. Manual directed coding matched the paper-named category on this checked incident.
9,application_area,Intelligent service robots,AI education,Disagree,"Current snapshot title: New York City Reportedly Released Disputed Value-Added Teacher Ratings for Thousands of Teachers. The current public snapshot and this project's coding do not match the paper-named category, which likely reflects AIID drift, different incident descriptions, or sample-selection differences."
56,application_area,Intelligent service robots,Language/vision model,Disagree,"Current snapshot title: AI-Designed Phone Cases Are Unexpected. The current public snapshot and this project's coding do not match the paper-named category, which likely reflects AIID drift, different incident descriptions, or sample-selection differences."
63,application_area,Intelligent service robots,Language/vision model,Disagree,"Current snapshot title: Google Photo Merge Decapitates Subject. The current public snapshot and this project's coding do not match the paper-named category, which likely reflects AIID drift, different incident descriptions, or sample-selection differences."
64,application_area,Intelligent service robots,Intelligent service robots,Agree,Current snapshot title: Customer Service Robot Scares Away Customers. Manual directed coding matched the paper-named category on this checked incident.
114,application_area,Intelligent service robots,Identity authentication,Disagree,"Current snapshot title: Amazon's Rekognition Falsely Matched Members of Congress to Mugshots. The current public snapshot and this project's coding do not match the paper-named category, which likely reflects AIID drift, different incident descriptions, or sample-selection differences."
141,application_area,Intelligent service robots,AI supervision,Disagree,"Current snapshot title: California Police Turned on Music to Allegedly Trigger Instagram’s DCMA to Avoid Being Live-Streamed. The current public snapshot and this project's coding do not match the paper-named category, which likely reflects AIID drift, different incident descriptions, or sample-selection differences."
14,application_area,Language/vision model,Language/vision model,Agree,Current snapshot title: Biased Sentiment Analysis. Manual directed coding matched the paper-named category on this checked incident.
134,application_area,Language/vision model,Intelligent service robots,Disagree,"Current snapshot title: Robot in Chinese Shopping Mall Fell off the Escalator, Knocking down Passengers. The current public snapshot and this project's coding do not match the paper-named category, which likely reflects AIID drift, different incident descriptions, or sample-selection differences."
14,ethics_issue,Gender discrimination,Racial discrimination; Gender discrimination,Agree,Current snapshot title: Biased Sentiment Analysis. Manual directed coding matched the paper-named category on this checked incident.
17,ethics_issue,Gender discrimination,Inappropriate use (bad performance),Disagree,"Current snapshot title: Inappropriate Gmail Smart Reply Suggestions. The current public snapshot and this project's coding do not match the paper-named category, which likely reflects AIID drift, different incident descriptions, or sample-selection differences."
20,ethics_issue,Gender discrimination,Physical safety,Disagree,"Current snapshot title: A Collection of Tesla Autopilot-Involved Crashes. The current public snapshot and this project's coding do not match the paper-named category, which likely reflects AIID drift, different incident descriptions, or sample-selection differences."
36,ethics_issue,Gender discrimination,Inappropriate use (bad performance); Privacy,Disagree,"Current snapshot title: Picture of Woman on Side of Bus Shamed for Jaywalking. The current public snapshot and this project's coding do not match the paper-named category, which likely reflects AIID drift, different incident descriptions, or sample-selection differences."
45,ethics_issue,Gender discrimination,Inappropriate use (bad performance),Disagree,"Current snapshot title: Defamation via AutoComplete. The current public snapshot and this project's coding do not match the paper-named category, which likely reflects AIID drift, different incident descriptions, or sample-selection differences."
30,ethics_issue,Inappropriate use (bad performance),Inappropriate use (bad performance),Agree,Current snapshot title: Poor Performance of Tesla Factory Robots. Manual directed coding matched the paper-named category on this checked incident.
63,ethics_issue,Inappropriate use (bad performance),Inappropriate use (bad performance),Agree,Current snapshot title: Google Photo Merge Decapitates Subject. Manual directed coding matched the paper-named category on this checked incident.
103,ethics_issue,Inappropriate use (bad performance),Racial discrimination; Gender discrimination,Disagree,"Current snapshot title: Twitter’s Image Cropping Tool Allegedly Showed Gender and Racial Bias. The current public snapshot and this project's coding do not match the paper-named category, which likely reflects AIID drift, different incident descriptions, or sample-selection differences."
92,ethics_issue,Mental health,Gender discrimination; Unfair algorithm (evaluation),Disagree,"Current snapshot title: Apple Card's Credit Assessment Algorithm Allegedly Discriminated against Women. The current public snapshot and this project's coding do not match the paper-named category, which likely reflects AIID drift, different incident descriptions, or sample-selection differences."
127,ethics_issue,Mental health,Racial discrimination; Inappropriate use (bad performance),Disagree,"Current snapshot title: Microsoft’s Algorithm Allegedly Selected Photo of the Wrong Mixed-Race Person Featured in a News Story. The current public snapshot and this project's coding do not match the paper-named category, which likely reflects AIID drift, different incident descriptions, or sample-selection differences."
5,ethics_issue,Physical safety,Physical safety; Inappropriate use (bad performance),Agree,Current snapshot title: Collection of Robotic Surgery Malfunctions. Manual directed coding matched the paper-named category on this checked incident.
27,ethics_issue,Physical safety,,Missing from snapshot,"Incident ID was not present in the current cleaned public snapshot, so this paper anchor could not be checked."
90,ethics_issue,Physical safety,,Missing from snapshot,"Incident ID was not present in the current cleaned public snapshot, so this paper anchor could not be checked."
122,ethics_issue,Physical safety,Privacy,Disagree,"Current snapshot title: Facebook’s ""Tag Suggestions"" Allegedly Stored Biometric Data without User Consent. The current public snapshot and this project's coding do not match the paper-named category, which likely reflects AIID drift, different incident descriptions, or sample-selection differences."
142,ethics_issue,Physical safety,Inappropriate use (bad performance),Disagree,"Current snapshot title: Facebook's Advertisement Moderation System Allegedly Routinely Misidentified Adaptive Fashion Products as Medical Equipment and Blocked Their Sellers. The current public snapshot and this project's coding do not match the paper-named category, which likely reflects AIID drift, different incident descriptions, or sample-selection differences."
110,ethics_issue,Privacy,Unfair algorithm (evaluation); Inappropriate use (bad performance),Disagree,"Current snapshot title: Arkansas's Opaque Algorithm to Allocate Health Care Excessively Cut Down Hours for Beneficiaries. The current public snapshot and this project's coding do not match the paper-named category, which likely reflects AIID drift, different incident descriptions, or sample-selection differences."
70,ethics_issue,Racial discrimination,Inappropriate use (bad performance),Disagree,"Current snapshot title: Self-driving cars in winter. The current public snapshot and this project's coding do not match the paper-named category, which likely reflects AIID drift, different incident descriptions, or sample-selection differences."
115,ethics_issue,Racial discrimination,Gender discrimination; Inappropriate use (bad performance),Disagree,"Current snapshot title: Genderify’s AI to Predict a Person’s Gender Revealed by Free API Users to Exhibit Bias. The current public snapshot and this project's coding do not match the paper-named category, which likely reflects AIID drift, different incident descriptions, or sample-selection differences."
133,ethics_issue,Racial discrimination,Racial discrimination; Gender discrimination,Agree,Current snapshot title: Online Trolls Allegedly Abused TikTok’s Automated Content Reporting System to Discriminate against Marginalized Creators. Manual directed coding matched the paper-named category on this checked incident.
134,ethics_issue,Racial discrimination,Physical safety; Inappropriate use (bad performance),Disagree,"Current snapshot title: Robot in Chinese Shopping Mall Fell off the Escalator, Knocking down Passengers. The current public snapshot and this project's coding do not match the paper-named category, which likely reflects AIID drift, different incident descriptions, or sample-selection differences."
139,ethics_issue,Racial discrimination,Inappropriate use (bad performance),Disagree,"Current snapshot title: Amazon’s Search and Recommendation Algorithms Found by Auditors to Have Boosted Products That Contained Vaccine Misinformation. The current public snapshot and this project's coding do not match the paper-named category, which likely reflects AIID drift, different incident descriptions, or sample-selection differences."
38,ethics_issue,Unethical use (illegal use),Inappropriate use (bad performance),Disagree,"Current snapshot title: Game AI System Produces Imbalanced Game. The current public snapshot and this project's coding do not match the paper-named category, which likely reflects AIID drift, different incident descriptions, or sample-selection differences."
48,ethics_issue,Unethical use (illegal use),Racial discrimination; Inappropriate use (bad performance),Disagree,"Current snapshot title: Passport checker Detects Asian man's Eyes as Closed. The current public snapshot and this project's coding do not match the paper-named category, which likely reflects AIID drift, different incident descriptions, or sample-selection differences."
12,ethics_issue,Unfair algorithm (evaluation),Gender discrimination,Disagree,"Current snapshot title: Common Biases of Vector Embeddings. The current public snapshot and this project's coding do not match the paper-named category, which likely reflects AIID drift, different incident descriptions, or sample-selection differences."
39,ethics_issue,Unfair algorithm (evaluation),Unethical use (illegal use),Disagree,"Current snapshot title: Deepfake Obama Introduction of Deepfakes. The current public snapshot and this project's coding do not match the paper-named category, which likely reflects AIID drift, different incident descriptions, or sample-selection differences."
